M9_board,M9_center,M9_corner,M8_board,M8_center,M8_corner,M7_board,M7_center,M7_corner
305.15,305.15,310.15,305.15,305.15,310.15,305.15,305.15,310.15
311.4723098,305.1549895,310.3133095,310.952677,305.1544968,310.212326,310.7192877,305.1542417,310.212326
310.7019214,305.1726507,310.5502796,310.2318037,305.1703283,310.3265092,310.0118852,305.1691433,310.3265092
311.3946636,305.2102566,310.8154661,310.8350638,305.203991,310.4731165,310.5566935,305.2007872,310.4731165
312.1444866,305.2736355,311.1041431,311.5074091,305.2606579,310.6440614,311.1866694,305.2540115,310.6440614
312.908765,305.3718242,311.4233264,312.1929159,305.3483845,310.8401129,311.8299518,305.3363833,310.8401129
313.6715931,305.4988566,311.769525,312.8772742,305.4617759,311.0549324,312.4728804,305.4427813,311.0549324
314.4418496,305.6567849,312.142781,313.5680574,305.6026684,311.2901101,313.1221459,305.5750222,311.2901101
315.2203484,305.8450859,312.5409502,314.265844,305.7707113,311.5456801,313.7780094,305.7326628,311.5456801
316.0065984,306.0625643,312.9610116,314.9701192,305.9646108,311.8209457,314.4399328,305.9146761,311.8209457
316.7996116,306.3073572,313.3996747,315.679992,306.1828535,312.1147547,315.1070118,306.1194913,312.1147547
317.5980387,306.5773418,313.8537664,316.3942973,306.4235669,312.4256778,315.7781355,306.3453017,312.4256778
318.4003493,306.8703685,314.3203998,317.1117075,306.6847347,312.7521555,316.4520527,306.5903596,312.7521555
319.2049684,307.1842202,314.7970415,317.8308479,306.9644417,313.0925951,317.1274858,306.8528215,313.0925951
320.0103208,307.5167716,315.2815254,318.5503487,307.260784,313.4454366,317.80314,307.1309179,313.4454366
320.8149131,307.8660533,315.7720087,319.2689095,307.5720258,313.8091976,318.4778209,307.4229729,313.8091976
321.6173627,308.2302541,316.266955,319.9853165,307.8965078,314.1824969,319.1504086,307.7274398,314.1824969
322.416482,308.607621,316.7650779,320.6985277,308.2327062,314.5640608,319.8199225,308.0428336,314.5640608
323.211176,308.996597,317.2653121,321.407597,308.5792227,314.9527325,320.4854727,308.3679174,314.9527325
324.0004928,309.3957447,317.7667726,322.1116874,308.9347895,315.3474641,321.1462991,308.7014726,315.3474641
324.7836156,309.8037435,318.2687293,322.8100906,309.2982415,315.7473131,321.8017535,309.0424141,315.7473131
325.5598466,310.2194396,318.7705726,323.5022046,309.668547,316.1514335,322.4512439,309.3897478,316.1514335
326.3286053,310.6417883,319.2718007,324.1875153,310.0447429,316.5590679,323.09431,309.7426272,316.5590679
327.089405,311.0698181,319.7719974,324.8656052,310.425982,316.9695444,323.7305782,310.1002384,316.9695444
327.8418487,311.5026797,320.2708159,325.5361292,310.8115038,317.3822587,324.3596908,310.4618643,317.3822587
328.5856158,311.9396016,320.7679686,326.1988132,311.2006247,317.7966755,324.9814183,310.8268705,317.7966755
329.3204514,312.3798989,321.2632166,326.8534363,311.5927295,318.2123169,325.5955386,311.19468,318.2123169
330.0461593,312.8229517,321.756359,327.499832,311.9872664,318.6287599,326.2019116,311.5647763,318.6287599
330.7625987,313.2681743,322.2472266,328.1378769,312.3837423,319.045625,326.800409,311.9366876,319.045625
331.469664,313.7150937,322.7356805,328.7674857,312.7817114,319.4625783,327.3909679,312.3099976,319.4625783
332.1672907,314.1632648,323.2215992,329.3886057,313.1807766,319.8793213,327.9735356,312.6843357,319.8793213
332.8554477,314.6122823,323.7048873,330.0012125,313.5805751,320.2955874,328.5480599,313.0593662,320.2955874
333.5341296,315.0617855,324.1854595,330.605306,313.980795,320.7111412,329.1145796,313.4347871,320.7111412
334.2033537,315.5114486,324.6632453,331.2009071,314.381147,321.1257737,329.6731116,313.8103291,321.1257737
334.8631578,315.9609955,325.1381843,331.788053,314.7813766,321.5392968,330.2236602,314.1857516,321.5392968
335.5136001,316.4101669,325.6102256,332.3667961,315.1812584,321.9515465,330.7663149,314.5608397,321.9515465
336.1547476,316.8587326,326.0793316,332.9372028,315.5805901,322.3623755,331.3011196,314.9354011,322.3623755
336.7866826,317.3064878,326.5454599,333.4993478,315.9791853,322.771653,331.8281565,315.3092667,322.771653
337.4094975,317.7532546,327.0085807,334.0533162,316.3768783,323.1792623,332.3474945,315.6822792,323.1792623
338.0232923,318.1988507,327.4686716,334.5991993,316.7735239,323.5850999,332.8592317,316.0543003,323.5850999
338.6281769,318.6431426,327.9257089,335.1370964,317.1689899,323.9890747,333.3634512,316.4252118,323.9890747
339.2242615,319.0860017,328.3796806,335.6671092,317.5631648,324.3911054,333.8602587,316.7949061,324.3911054
339.8116644,319.5273059,328.8305741,336.1893443,317.9559481,324.7911193,334.3497457,317.1632852,324.7911193
340.3905069,319.9669549,329.2783845,336.7039125,318.3472411,325.1890525,334.8320244,317.5302634,325.1890525
340.9609118,320.4048533,329.7230948,337.2109249,318.7369657,325.5848493,335.3071926,317.8957655,325.5848493
341.5230053,320.8409208,330.1647054,337.7104957,319.1250508,325.9784592,335.7753659,318.2597241,325.9784592
342.0769141,321.2750816,330.6032131,338.202739,319.5114379,326.3698388,336.2366448,318.6220801,326.3698388
342.6227675,321.7072817,331.0386202,338.6877725,319.8960652,326.7589488,336.6911458,318.9827797,326.7589488
343.1606931,322.1374646,331.4709254,339.165709,320.2788834,327.1457548,337.1389715,319.3417781,327.1457548
343.6908194,322.5655817,331.9001324,339.636667,320.65985,327.5302291,337.5802378,319.6990344,327.5302291
344.2132747,322.991583,332.326245,340.1007617,321.0389255,327.9123459,338.0150465,320.054513,327.9123459
344.728186,323.4154322,332.749271,340.5581096,321.4160831,328.2920845,338.4435124,320.4081859,328.2920845
345.2356799,323.837102,333.1692274,341.0088221,321.7912916,328.6694096,338.865737,320.7600156,328.6694096
345.7358819,324.2565673,333.5861107,341.4530122,322.164523,329.0443285,339.28183,321.1099935,329.0443285
346.2289169,324.6737972,333.9999336,341.890792,322.5357569,329.4168235,339.6919044,321.4580938,329.4168235
346.7149074,325.0887749,334.4107068,342.3222722,322.9049763,329.7868816,340.0960567,321.804301,329.7868816
347.1939742,325.5014876,334.8184419,342.7475613,323.2721655,330.1544932,340.4943784,322.1486005,330.1544932
347.6662375,325.9119173,335.2231535,343.1667675,323.6373115,330.5196476,340.8869897,322.490981,330.5196476
348.1318157,326.3200516,335.6248528,343.5799967,324.0004068,330.8823465,341.2739881,322.831433,330.8823465
348.5908245,326.7258851,336.0235552,343.9873536,324.3614452,331.2425851,341.6554559,323.1699491,331.2425851
349.0433781,327.1294104,336.4192757,344.3889411,324.7204183,331.6003613,342.031509,323.5065239,331.6003613
349.4895895,327.5306222,336.8120309,344.7848598,325.0773246,331.9556764,342.4022394,323.8411536,331.9556764
349.9295697,327.9295168,337.2018355,345.17521,325.4321576,332.3085274,342.7677247,324.1738357,332.3085274
350.3634277,328.326102,337.5887059,345.5600893,325.7849172,332.6589194,343.1280756,324.504569,332.6589194
350.79127,328.7203631,337.9726615,345.9395949,326.1356026,333.0068556,343.4833727,324.8333537,333.0068556
351.2132014,329.1123038,338.3537172,346.3138201,326.4842148,333.35234,343.8337122,325.1601914,333.35234
351.629325,329.5019281,338.7318939,346.6828569,326.8307584,333.6953774,344.1791725,325.4850829,333.6953774
352.4655564,329.8901487,339.1139082,347.4874935,327.1761144,334.0388445,344.8986325,325.8087992,334.0388445
353.4585628,330.2781174,339.50964,348.4500728,327.521507,334.3870911,345.755848,326.132325,334.3870911
354.1938425,330.6690892,339.9279438,349.151581,327.8702407,334.746706,346.3837963,326.4584141,334.746706
354.863851,331.0643416,340.3620961,349.7860988,328.2235554,335.1151964,346.9535312,326.7881441,335.1151964
355.5093977,331.4656446,340.8120792,350.3951615,328.5832153,335.4940677,347.5007276,327.1230148,335.4940677
356.1421335,331.8741396,341.2759806,350.990921,328.9503787,335.8834988,348.0357737,327.4639813,335.8834988
356.7680392,332.2903928,341.7514228,351.5795324,329.325647,336.283002,348.5641533,327.8115166,336.283002
357.39003,332.7145104,342.2360662,352.1640624,329.7091244,336.6917485,349.0884542,328.1657308,336.6917485
358.0092861,333.1462665,342.7277933,352.7458757,330.1005742,337.1087497,349.6098215,328.5264344,337.1087497
358.6261603,333.5852046,343.2247759,353.3254701,330.4995171,337.5329639,350.1287077,328.8932154,337.5329639
359.2405378,334.0307299,343.7254631,353.9028491,330.9053554,337.9633661,350.6451439,329.2655837,337.9633661
359.8522753,334.482179,344.2285678,354.4777512,331.3174186,338.3989771,351.1589283,329.6429712,338.3989771
360.460881,334.938838,344.7330288,355.0499325,331.7349947,338.8388915,351.6698689,330.0247886,338.8388915
361.0659867,335.4000223,345.2379784,355.618924,332.1573836,339.2822835,352.177581,330.4104426,339.2822835
361.6671813,335.8650635,345.7427112,356.1843382,332.5839059,339.7284087,352.6817695,330.7993759,339.7284087
362.2640547,336.3333285,346.2466519,356.7457999,333.0139275,340.1766038,353.1821216,331.1910563,340.1766038
362.8562266,336.804234,346.7493352,357.3028898,333.4468511,340.6262774,353.6783378,331.584977,340.6262774
363.4433625,337.2772323,347.2503886,357.8552804,333.8821366,341.0769094,354.1701488,331.9806825,341.0769094
364.0251671,337.7518216,347.7495104,358.4026852,334.3192851,341.5280391,354.6573218,332.3777551,341.5280391
364.6013833,338.2275675,348.2464547,358.9448435,334.7578343,341.979262,355.1396552,332.775814,341.979262
365.1717977,338.7040456,348.7410256,359.4815354,335.1973805,342.4302215,355.6169794,333.1745088,342.4302215
365.7362253,339.1808994,349.2330625,360.012578,335.6375429,342.8806051,356.0891547,333.5735327,342.8806051
366.294523,339.6577962,349.7224366,360.5378275,336.0779896,343.3301362,356.5560682,333.9726047,343.3301362
366.8465812,340.1344395,350.2090468,361.0571702,336.5184242,343.7785735,357.01764,334.3714757,343.7785735
367.3923169,340.6105645,350.6928114,361.5705252,336.9585757,344.2257047,357.4738041,334.7699193,344.2257047
367.9316729,341.0859342,351.1736639,362.0778198,337.398204,344.6713433,357.9245206,335.1677368,344.6713433
368.4646129,341.5603349,351.6515547,362.5790279,337.837094,345.1153268,358.3697662,335.5647474,345.1153268
368.9911231,342.0335879,352.1264443,363.0741278,338.2750579,345.557512,358.8095332,335.9607912,345.557512
369.5112032,342.5055168,352.5983025,363.5631125,338.7119126,345.9977736,359.2438271,336.3557175,345.9977736
370.0248679,342.975973,353.0671052,364.0460024,339.1475162,346.4360027,359.6726649,336.7494126,346.4360027
370.5321442,343.4448246,353.5328379,364.522818,339.5817334,346.8721041,360.0960738,337.1417736,346.8721041
371.0330698,343.911953,353.9954893,364.9935932,340.0144436,347.3059945,360.5140905,337.5326745,347.3059945
371.5276938,344.3772546,354.4550516,365.4583708,340.4455404,347.7376038,360.9267551,337.9220423,347.7376038
372.0160669,344.8406382,354.9115227,365.9172003,340.8749294,348.1668681,361.3341195,338.3097969,348.1668681
372.4982488,345.3020224,355.3649041,366.3701381,341.3025276,348.5937332,361.7362342,338.6958674,348.5937332
372.9743049,345.7613362,355.8151974,366.8172434,341.7282613,349.0181534,362.133157,339.0802041,349.0181534
373.4443007,346.2185187,356.2624088,367.2585839,342.1520617,349.4400893,362.5249478,339.4627405,349.4400893
373.9083094,346.6735059,356.7065435,367.6942261,342.5738811,349.8595085,362.9116683,339.8434247,349.8595085
374.3664065,347.1262614,357.1476099,368.124243,342.9936647,350.2763816,363.2933846,340.2222279,350.2763816
374.8186696,347.5767413,357.5856179,368.5487096,343.4113693,350.6906861,363.6701634,340.5991137,350.6906861
375.265178,348.0249216,358.0205803,368.9676966,343.8269688,351.1024017,364.0420734,340.9740594,351.1024017
375.7060107,348.4707531,358.4525071,369.3812814,344.240419,351.5115141,364.409182,341.3470273,351.5115141
376.1412473,348.9142082,358.8814121,369.7895397,344.6516723,351.9180109,364.7715582,341.7179973,351.9180109
376.5709696,349.3552769,359.3073096,370.1925499,345.0607434,352.3218832,365.1292712,342.0869511,352.3218832
376.9952592,349.7939478,359.7302143,370.5903902,345.4676048,352.7231242,365.4823931,342.4538751,352.7231242
377.414197,350.2301953,360.150136,370.9831378,345.8722287,353.1217297,365.8309914,342.8187481,353.1217297
377.8278644,350.6640109,360.5670961,371.3708703,346.2746041,353.5176968,366.1751357,343.1815727,353.5176968
378.2363401,351.0953722,360.9811102,371.7536646,346.6747211,353.9110264,366.5148951,343.5423398,353.9110264
378.6397092,351.524289,361.3921948,372.1315974,347.0725724,354.3017197,366.8503376,343.9010439,354.3017197
379.0380484,351.9507543,361.8003654,372.5047443,347.4681495,354.6897812,367.1815316,344.2576809,354.6897812
379.4314372,352.3747778,362.2056397,372.8731808,347.8614528,355.0752138,367.5085435,344.6122486,355.0752138
379.8199503,352.7963401,362.6080335,373.2369811,348.2524805,355.4580233,367.8314392,344.964746,355.4580233
380.2036653,353.2154452,363.0075671,373.5962198,348.6412324,355.8382162,368.150284,345.3151739,355.8382162
380.5826606,353.6320942,363.404258,373.9509658,349.0277025,356.2158004,368.4651428,345.6635339,356.2158004
380.9570088,354.0462915,363.7981239,374.3012948,349.4119036,356.5907847,368.7760792,346.0098288,356.5907847
381.3267831,354.4580413,364.1891855,374.6472768,349.7938381,356.963178,369.0831563,346.3540621,356.963178
381.6920584,354.8673512,364.5774587,374.9889811,350.1735136,357.3329897,369.3864353,346.6962464,357.3329897
382.052904,355.2742267,364.9629634,375.3264756,350.5509293,357.7002324,369.6859775,347.036376,357.7002324
382.40939,355.6786753,365.3457182,375.6598283,350.9260919,358.0649169,369.9818421,347.3744501,358.0649169
382.7615849,356.0807042,365.7257421,375.9891061,351.2990155,358.4270549,370.2740884,347.7104873,358.4270549
383.1095562,356.4803226,366.1030546,376.3143734,351.6696951,358.7866588,370.5627744,348.0444957,358.7866588
383.4533711,356.8775416,366.477676,376.6356944,352.0381406,359.1437414,370.8479569,348.3764792,359.1437414
383.7930946,357.2723697,366.849624,376.9531306,352.4043611,359.4983159,371.1296918,348.7064526,359.4983159
384.1287915,357.6648168,367.2189174,377.2667445,352.7683659,359.8503955,371.408034,349.0344167,359.8503955
384.4605255,358.0548942,367.5855774,377.5765974,353.1301637,360.1999943,371.6830375,349.3603795,360.1999943
384.7883585,358.4426128,367.9496225,377.8827486,353.4897636,360.5471271,371.9547552,349.684352,360.5471271
385.5124154,358.8289119,368.317244,378.5966165,353.8480872,360.8944393,372.6472161,350.0072257,360.8944393
386.3894416,359.2148934,368.6979676,379.4675942,354.2062831,361.2459445,373.5015037,350.3302082,361.2459445
387.0271952,359.6037631,369.100582,380.0917299,354.5675825,361.6079474,374.1016814,350.6565908,361.6079474
387.6051951,359.9968446,369.5187252,380.6546583,354.9332886,361.9782739,374.6387015,350.9875968,361.9782739
388.1620882,360.3958457,369.9525473,381.1957529,355.3051514,362.3584595,375.1531084,351.325032,362.3584595
388.7088814,360.8019291,370.4002743,381.7263545,355.6843178,362.748783,375.6566259,351.6700172,362.748783
389.2512618,361.2156165,370.859637,382.252269,356.0713276,363.148852,376.1552742,352.0231473,363.148852
389.7919406,361.637042,371.3283752,382.7762566,356.4662868,363.5579315,376.6519959,352.384524,363.5579315
390.3319184,362.0659794,371.8044174,383.2994723,356.8689792,363.9751159,377.1479789,352.7539007,363.9751159
390.8714966,362.5019922,372.2859655,383.822247,357.2789565,364.3994223,377.6436155,353.1308302,364.3994223
391.410548,362.9444721,372.7714941,384.3444374,357.6956332,364.8298758,378.1388523,353.5147199,364.8298758
391.9487018,363.392771,373.2597261,384.8658397,358.1183305,365.2655369,378.6333502,353.9048984,365.2655369
392.4855895,363.8462064,373.7496076,385.3859052,358.5463665,365.7055283,379.1267791,354.3006735,365.7055283
393.0206401,364.3040966,374.2402713,385.9042172,358.9790533,366.149048,379.6186011,354.7013372,366.149048
393.5534132,364.7657826,374.7310164,386.4203042,359.4157276,366.5953701,380.1083925,355.1062255,366.5953701
394.0834431,365.2306453,375.2212646,386.9337014,359.8557632,367.0438417,380.5957017,355.514709,367.0438417
394.6102934,365.6981094,375.7105534,387.4439866,360.2985769,367.4938895,381.0801046,355.9261973,367.4938895
395.1335779,366.1676389,376.1985059,387.9507822,360.7436356,367.9449921,381.5612277,356.3401467,367.9449921
395.6529558,366.6387385,376.6848159,388.4537487,361.1904373,368.3966997,382.0387351,356.7560629,368.3966997
396.1681298,367.1109833,377.1692347,388.9525955,361.6385399,368.8486108,382.5123364,357.1734951,368.8486108
396.6788434,367.5839639,377.6515603,389.4470698,362.0875494,369.3003737,382.9817795,357.5920329,369.3003737
397.1848828,368.0573206,378.1316329,389.936959,362.5370923,369.7516794,383.4468485,358.0113098,369.7516794
397.6860718,368.530731,378.6093202,390.4220896,362.9868427,370.2022527,383.9073816,358.4309931,370.2022527
398.1822668,369.0039056,379.0845188,390.9023207,363.4365063,370.6518535,384.3632271,358.8507856,370.6518535
398.6733558,369.4765851,379.5571411,391.3775392,363.8858219,371.1002703,384.8142761,359.2704293,371.1002703
399.1592524,369.9485363,380.0271206,391.8476602,364.3345555,371.5473189,385.2604439,359.6896781,371.5473189
399.6398997,370.4195531,380.4944009,392.3126223,364.7824973,371.9928372,385.7016672,360.1083201,371.9928372
400.1152439,370.8894499,380.9589404,392.7723842,365.2294603,372.4366831,386.1379026,360.5261593,372.4366831
400.5852662,371.3580628,381.4207053,393.226921,365.6752779,372.8787319,386.5691241,360.9430454,372.8787319
401.0499571,371.8252457,381.8796718,393.6762235,366.1198029,373.3188739,386.9953216,361.358806,373.3188739
401.5093199,372.2908724,382.3358159,394.1202953,366.5628991,373.7570136,387.4164969,361.7733188,373.7570136
401.9633689,372.754812,382.7891275,394.5591511,367.0044545,374.1930678,387.8326622,362.1864639,374.1930678
402.4121297,373.2169793,383.2395971,394.9928165,367.4443657,374.626965,388.2438403,362.5981363,374.626965
402.8556317,373.6772824,383.6872176,395.4213197,367.8825398,375.0586425,388.6500593,363.0082418,375.0586425
403.2939165,374.1356523,384.131986,395.8447005,368.3188967,375.4880452,389.0513568,363.4166978,375.4880452
403.7270274,374.5920022,384.5739023,396.2630045,368.7533654,375.9151278,389.4477744,363.8234312,375.9151278
404.1550127,375.0462737,385.0129676,396.6762781,369.185883,376.339849,389.8393589,364.2283772,376.339849
404.5779242,375.4984129,385.4491861,397.0845742,369.6163947,376.7621755,390.2261602,364.6314831,376.7621755
404.9958182,375.9483746,385.8825653,397.4879485,370.0448532,377.1820794,390.6082318,365.0326946,377.1820794
405.4087537,376.3961194,386.3131085,397.8864604,370.471217,377.5995349,390.9856323,365.4319787,377.5995349
405.8167908,376.8416139,386.7408218,398.2801676,370.8954504,378.0145227,391.3584169,365.8292876,378.0145227
406.2199924,377.2848207,387.165717,398.6691329,371.3175227,378.4270266,391.7266451,366.2245877,378.4270266
406.6184218,377.7257245,387.5878034,399.053419,371.7374075,378.8370328,392.090377,366.617856,378.8370328
407.0121441,378.1643101,388.0070906,399.4330893,372.1550832,379.2445311,392.4496743,367.0090525,379.2445311
407.4012235,378.6005501,388.4235913,399.8082081,372.5705311,379.6495135,392.8045989,367.3981845,379.6495135
407.7857253,379.0344318,388.8373165,400.1788415,372.9837364,380.0519754,393.1552142,367.7852267,380.0519754
408.1657146,379.4659338,389.2482802,400.5450516,373.3946865,380.4519131,393.5015818,368.170166,380.4519131
408.5412571,379.8950736,389.6564942,400.9069036,373.8033728,380.8493258,393.8437648,368.5530009,380.8493258
408.9124178,380.3218276,390.0619716,401.2644625,374.2097758,381.2442137,394.1818251,368.9337079,381.2442137
409.2792605,380.7461912,390.4647278,401.6177927,374.6139207,381.6365784,394.5158248,369.3122829,381.6365784
409.6418495,381.1681645,390.8647774,401.9669573,375.0157798,382.0264231,394.8458249,369.6887217,382.0264231
410.0002482,381.5877329,391.2621318,402.3120199,375.4153592,382.4137526,395.1718864,370.0630223,382.4137526
410.3545201,382.0049163,391.6568073,402.6530416,375.8126545,382.7985709,395.4940702,370.4351837,382.7985709
410.7047279,382.4197136,392.0488198,402.9900847,376.2076678,383.1808854,395.8124358,370.8052065,383.1808854
411.0509334,382.832139,392.4381839,403.32321,376.6004018,383.5607033,396.1270424,371.1730928,383.5607033
411.3931973,383.24218,392.8249153,403.6524776,376.9908615,383.9380324,396.4379483,371.5388444,383.9380324
411.7315783,383.6498438,393.2090302,403.9779467,377.3790382,384.3128815,396.7452103,371.9024665,384.3128815
412.0661364,384.0551381,393.5905448,404.2996753,377.7649562,384.6852597,397.0488866,372.2639636,384.6852597
412.3969306,384.4580681,393.9694741,404.6177225,378.14862,385.0551781,397.349032,372.6233418,385.0551781
412.7240176,384.8586422,394.3458351,404.9321445,378.5300361,385.4226456,397.6457012,372.9806062,385.4226456
413.0474538,385.2568648,394.7196428,405.2429979,378.9092234,385.7876733,397.9389489,373.3357637,385.7876733
413.3672947,385.652753,395.0909141,405.550337,379.2861709,386.1502721,398.2288287,373.6888206,386.1502721
413.6835958,386.0463112,395.4596667,405.854215,379.66089,386.5104543,398.5153927,374.0397861,386.5104543
413.9964094,386.4375516,395.8259171,406.154685,380.0333893,386.8682312,398.798692,374.3886681,386.8682312
414.3057883,386.826483,396.1896829,406.4517992,380.4036786,387.2236171,399.0787769,374.7354751,387.2236171
414.6117851,387.2131157,396.5509785,406.7456083,380.7717671,387.5766232,399.3556978,375.0802162,387.5766232
415.4068631,387.5985627,396.9173955,407.4208984,381.1385685,387.9296886,400.0240232,375.4237855,387.9296886
416.3915066,387.9844502,397.3010457,408.2428268,381.5052139,388.2866045,400.8466041,375.7673523,388.2866045
417.0852628,388.3740458,397.7134596,408.8394368,381.874906,388.6534365,401.4325628,376.1141719,388.6534365
417.7156333,388.7714132,398.1468561,409.3797077,382.2488965,389.0282126,401.9607628,376.4654301,389.0282126
418.3209457,389.1769774,398.6015913,409.900494,382.6289342,389.412507,402.4688316,376.8229194,389.412507
418.9161439,389.5925301,399.0754615,410.4124396,383.0161395,389.8066535,402.9677884,377.1877265,389.8066535
419.5083907,390.0187995,399.5655549,410.9208433,383.4110776,390.210335,403.4631254,377.5604631,390.210335
420.1007245,390.4559979,400.068976,411.428255,383.8138428,390.6228863,403.9574786,377.9411817,390.6228863
420.6945484,390.9038148,400.5829492,411.9357785,384.2242072,391.0434483,404.4518934,378.3296925,391.0434483
421.2901443,391.3616457,401.1051284,412.4436494,384.6417129,391.4710862,404.9466341,378.7255344,391.4710862
421.8871898,391.8287209,401.6335,412.9517094,385.0658003,391.9048555,405.441519,379.1281322,391.9048555
422.485161,392.3041701,402.1663847,413.4595875,385.4957915,392.3438426,405.936254,379.536811,392.3438426
423.0834293,392.7870869,402.7023856,413.9668589,385.931006,392.7871936,406.4303339,379.9508834,392.7871936
423.6812251,393.2765666,403.2403559,414.4729373,386.3707616,393.2341175,406.9232495,380.3696664,393.2341175
424.2777869,393.7717515,403.7793531,414.9773275,386.8144144,393.683901,407.4144963,380.7925007,393.683901
424.8724873,394.27182,404.3186138,415.4795722,387.2613452,394.1359031,407.9035911,381.2187619,394.1359031
425.4646927,394.7760113,404.857511,415.9791802,387.7109797,394.5895498,408.3900936,381.6478759,394.5895498
426.0537353,395.2836255,405.3955411,416.4757406,388.1627873,395.0443329,408.8735983,382.0793082,395.0443329
426.6391051,395.7940197,405.932284,416.9689217,388.6162866,395.4998015,409.353752,382.5125716,395.4998015
427.220559,396.3066115,406.4674139,417.4583898,389.0710363,395.9555569,409.8302452,382.947223,395.9555569
427.7975201,396.8208722,407.0006496,417.9438618,389.5266391,396.4112476,410.3028125,383.3828617,396.4112476
428.3696593,397.336331,407.5317689,418.4251429,389.9827359,396.8665637,410.7712332,383.8191256,396.8665637
428.9368318,397.8525485,408.0605947,418.9020251,390.4390061,397.3212334,411.2353121,384.2556898,397.3212334
429.4987075,398.3691488,408.5869756,419.3743395,390.8951608,397.7750168,411.6949004,384.6922625,397.7750168
430.0551383,398.8857904,409.1107907,419.8419924,391.3509416,398.2277024,412.1498765,385.1285817,398.2277024
430.6060245,399.4021645,409.6319441,420.3048741,391.8061174,398.6791052,412.6001461,385.5644147,398.6791052
431.1512073,399.9179906,410.150358,420.7628981,392.2604798,399.1290622,413.0456378,385.9995525,399.1290622
431.6906128,400.4330238,410.6659626,421.2160438,392.7138466,399.5774296,413.4863009,386.4338089,399.5774296
432.2241371,400.9470467,411.1787108,421.6642606,393.1660532,400.0240821,413.9221032,386.8670177,400.0240821
432.7517932,401.4598573,411.6885561,422.1075162,393.6169545,400.4689081,414.3530273,387.2990313,400.4689081
433.2736247,401.9712883,412.1954719,422.5458345,394.066412,400.9118133,414.7790693,387.7297186,400.9118133
433.789543,402.4811892,412.6994305,422.9792125,394.5143231,401.3527123,415.2002367,388.1589626,401.3527123
434.2995255,402.9894128,413.2004111,423.4076488,394.9605827,401.7915327,415.6165459,388.5866608,401.7915327
434.8036881,403.4958406,413.6984015,423.8311976,395.4051125,402.2282102,416.0280227,389.0127187,402.2282102
435.3020334,404.0003649,414.1933891,424.2498799,395.8478174,402.6626912,416.434697,389.4370589,402.6626912
435.794546,404.5028914,414.6853644,424.6637159,396.2886292,403.094914,416.8366078,389.8596097,403.094914
436.2813562,405.0033348,415.1743246,425.072774,396.7274883,403.524864,417.2337973,390.2803085,403.524864
436.7625123,405.5016222,415.6602686,425.4770934,397.164338,403.95249,417.6263121,390.6991021,403.95249
437.2379346,405.9976878,416.1431959,425.876705,397.5991321,404.3777643,418.0142013,391.1159401,404.3777643
437.7077978,406.4914769,416.6231072,426.2716869,398.031831,404.8006614,418.3975193,391.5307814,404.8006614
438.1722421,406.9829388,417.1000093,426.6620884,398.4623997,405.22116,418.7763185,391.9435884,405.22116
438.6311991,407.4720307,417.5739032,427.0479463,398.8908081,405.6392426,419.1506555,392.3543353,405.6392426
439.0847277,407.9587159,418.0448007,427.4293352,399.3170304,406.0548944,419.520588,392.7629919,406.0548944
439.5329914,408.4429622,418.5127053,427.8063166,399.741045,406.4681023,419.8861748,393.1695225,406.4681023
439.9759985,408.9247433,418.9776194,428.1789512,400.1628263,406.8788608,420.2474751,393.5739252,406.8788608
440.4138585,409.404039,419.4395612,428.5472788,400.582372,407.2871614,420.604549,393.9761948,407.2871614
440.846656,409.8808225,419.8985415,428.9113853,400.9996689,407.6930003,420.9574561,394.3762996,407.6930003
441.2744163,410.3550872,420.3545702,429.2713201,401.4147156,408.0963751,421.3062561,394.7742342,408.0963751
441.6971943,410.8268173,420.8076543,429.627132,401.8274793,408.4972849,421.6510084,395.1699809,408.4972849
442.1151058,411.2960044,421.2578071,429.978912,402.2379744,408.8957305,421.991773,395.5635471,408.8957305
442.5282566,411.7626398,421.7050407,430.3266818,402.6461949,409.2917128,422.3286097,395.9549277,409.2917128
442.9366621,412.2267189,422.1493701,430.6705323,403.0521383,409.6852352,422.6615767,396.3441207,409.6852352
443.3403971,412.6882382,422.5908098,431.0105054,403.4558157,410.0763018,422.9907323,396.7311245,410.0763018
443.7395254,413.1471975,423.0293692,431.346658,403.8572115,410.4649168,423.316134,397.1159398,410.4649168
444.1341467,413.6035978,423.4650661,431.6790551,404.2563298,410.8510876,423.6378382,397.4985681,410.8510876
444.5243537,414.0574404,423.8979152,432.0077429,404.6531751,411.234821,423.955902,397.8790124,411.234821
444.9101452,414.5087288,424.327931,432.3328018,405.0477513,411.6161244,424.2703804,398.257276,411.6161244
445.2916236,414.9574671,424.7551289,432.6542521,405.4400641,411.9950058,424.5813281,398.6333725,411.9950058
445.6688339,415.4036605,425.1795242,432.9721666,405.8301218,412.3714736,424.8887987,399.0072942,412.3714736
446.0418833,415.8473154,425.601135,433.2866049,406.2179292,412.7455378,425.1928451,399.3790405,412.7455378
446.4108182,416.2884401,426.0199742,433.5975939,406.6034943,413.1172083,425.4935197,399.7486402,413.1172083
446.7756796,416.7270249,426.4360589,433.9052245,406.9868266,413.4864943,425.7908766,400.1160853,413.4864943
447.1365436,417.1631059,426.8494059,434.2095175,407.3679342,413.8534064,426.0849613,400.4813901,413.8534064
447.4934535,417.5966846,427.2600313,434.5105253,407.7468258,414.2179563,426.3758264,400.8445559,414.2179563
447.8465193,418.02777,427.6679528,434.8083142,408.1235121,414.5801552,426.663519,401.2056004,414.5801552
448.1957615,418.4563685,428.0731868,435.1029073,408.4979884,414.9400115,426.9480882,401.5645267,414.9400115
448.9974529,418.8836308,428.4828771,435.8693191,408.8713835,415.3004462,427.714183,401.9224201,415.3004462
449.9848401,419.3110949,428.908696,436.8247382,409.2453157,415.666332,428.6707209,402.28095,415.666332
450.7056595,419.7430104,429.3619671,437.5032598,409.6240946,416.0453532,429.3453789,402.6443959,416.0453532
451.3602409,420.180857,429.8355109,438.1139462,410.0091374,416.4352633,429.950348,403.0142703,416.4352633
451.9939317,420.626982,430.3297764,438.7026822,410.4028066,416.8381561,430.5328083,403.3928774,416.8381561
452.6193282,421.0828094,430.8426692,439.2829018,410.8065501,417.2545573,431.1062415,403.7817052,417.2545573
453.2425759,421.5490851,431.3713745,439.8608503,411.2211395,417.6841336,431.6771957,404.1814845,417.6841336
453.8668007,422.0259415,431.9130171,440.4397484,411.6466669,418.1260592,432.2488799,404.5923534,418.1260592
454.4930743,422.513085,432.4649437,441.0207278,412.0828642,418.5792466,432.8225286,405.0140099,418.5792466
455.1213891,423.0099213,433.0248239,441.6039634,412.5291008,419.0424933,433.3982456,405.4458538,419.0424933
455.7515007,423.5156862,433.5906694,442.1891697,412.9846357,419.5145745,433.9757893,405.8871077,419.5145745
456.3827288,424.0295167,434.1608138,442.7758367,413.4485871,419.9942973,434.5546593,406.3368995,419.9942973
457.0143568,424.5505279,434.733876,443.3630523,413.9200598,420.4805417,435.1340999,406.7943309,420.4805417
457.6455796,425.0778123,435.3087174,443.950141,414.3981489,420.97227,435.7133443,407.2584786,420.97227
458.2754832,425.6105206,435.8844095,444.5363057,414.8820069,421.4685428,436.2915869,407.7284832,421.4685428
458.9034571,426.1478503,436.4601856,445.1208587,415.3708096,421.9685111,436.8682073,408.2035343,421.9685111
459.5289274,426.6890413,437.0354315,445.7031036,415.8637952,422.4714165,437.4425183,408.6828689,422.4714165
460.1511823,427.2333998,437.6096421,446.282567,416.3602662,422.9765813,438.0139784,409.165778,422.9765813
460.7695473,427.7803117,438.1824039,446.8585835,416.85958,423.4834071,438.5820526,409.6516204,423.4834071
461.3837744,428.3291824,438.753386,447.4307918,417.361167,423.9913614,439.1462997,410.1398156,423.9913614
461.9935181,428.8795034,439.3223139,447.9987368,417.8644966,424.4999756,439.7062665,410.6298333,424.4999756
462.5982342,429.4308017,439.8889699,448.5621432,418.3690831,425.0088342,440.2617134,411.1212005,425.0088342
463.1977466,429.9826576,440.4531725,449.1206565,418.8745106,425.517571,440.81229,411.6134776,425.517571
463.7918344,430.5346941,441.0147759,449.6741562,419.3803956,426.0258637,441.3578284,412.1062944,426.0258637
464.3802541,431.0865757,441.5736625,450.2223532,419.8863943,426.5334267,441.8981246,412.5992947,426.5334267
464.9629201,431.6379937,442.1297313,450.7651661,420.3922063,427.0400085,442.4330477,413.0921719,427.0400085
465.5397822,432.1886764,442.6829121,451.3024183,420.8975473,427.5453882,442.9624138,413.5846537,427.5453882
466.1105672,432.7383968,443.2331381,451.8340785,421.4021594,428.0493705,443.4862172,414.0764971,428.0493705
466.6752144,433.2869233,443.780359,452.3600033,421.9058497,428.5517837,444.0043257,414.5674759,428.5517837
467.2339559,433.8340683,444.3245363,452.8802666,422.408421,429.0524762,444.5167595,415.0573922,429.0524762
467.7866029,434.379659,444.8656363,453.394746,422.9096765,429.5513154,445.0234761,415.5460755,429.5513154
468.3330771,434.9235478,445.4036355,453.9035031,423.4094814,430.0481849,445.5244911,416.033362,430.0481849
468.8734187,435.4655966,445.9385169,454.4064892,423.9077015,430.5429812,446.0197432,416.5191167,430.5429812
469.4077332,436.0056868,446.470261,454.9037753,424.4042039,431.0356155,446.5093282,417.0032218,431.0356155
469.9360305,436.5437141,446.9988599,455.3953141,424.8988822,431.5260092,446.9932187,417.4855802,431.5260092
470.4583479,437.0795809,447.5243045,455.8812462,425.3916333,432.0140916,447.4714953,417.9660794,432.0140916
470.9746956,437.6132097,448.0465937,456.3615305,425.8823934,432.4998055,447.9441842,418.444633,432.4998055
471.4850922,438.1445249,448.565725,456.83627,426.3710655,432.9830971,448.4113342,418.9211688,432.9830971
471.9897391,438.6734648,449.0816993,457.3054735,426.8576116,433.4639226,448.8729979,419.395623,433.4639226
472.4885648,439.1999772,449.5945195,457.7692453,427.3419528,433.942242,449.3292403,419.867936,433.942242
472.981731,439.7240125,450.1041906,458.2275765,427.8240414,434.4180217,449.7801151,420.3380567,434.4180217
473.4692077,440.2455265,450.6107183,458.6806289,428.3038373,434.8912323,450.2257019,420.8059426,434.8912323
473.9510927,440.7644869,451.114112,459.1283902,428.7812912,435.3618525,450.666049,421.2715558,435.3618525
474.4275273,441.2808607,451.6143724,459.5709793,429.2564092,435.8298605,451.1012138,421.7348651,435.8298605
474.8985878,441.7946241,452.1115125,460.0084141,429.7291299,436.2952397,451.531317,422.1958345,436.2952397
475.3642094,442.3057555,452.605543,460.4408227,430.1994427,436.7579761,451.9563568,422.6544523,436.7579761
475.8244772,442.8142383,453.0964757,460.8681925,430.6673194,437.2180592,452.3764663,423.1106966,437.2180592
476.2797007,443.3200534,453.5843193,461.2907106,431.1327353,437.6754795,452.7916952,423.5645432,437.6754795
476.7297541,443.8231967,454.0690867,461.7083389,431.5957121,438.1302326,453.2020821,424.0159921,438.1302326
477.1747146,444.3236538,454.5507905,462.1212286,432.0562142,438.5823118,453.6077346,424.4650278,438.5823118
477.6147027,444.8214205,455.0294437,462.5293835,432.5142331,439.0317155,454.0087564,424.9116523,439.0317155
478.0497784,445.3164933,455.5050588,462.9329384,432.9697634,439.4784425,454.4051306,425.3558466,439.4784425
478.480029,445.8088728,455.977652,463.3318757,433.42282,439.9224936,454.7969638,425.7976138,439.9224936
478.9055373,446.2985558,456.4472324,463.7263761,433.8733875,440.3638714,455.1843418,426.237261,440.3638714
479.3263547,446.7855413,456.913822,464.1164086,434.3214658,440.8025788,455.5673002,426.6742183,440.8025788
479.7424713,447.2698343,457.3774335,464.5021142,434.7670598,441.2386187,455.9459877,427.1085901,441.2386187
480.154095,447.7514394,457.8380822,464.8834958,435.2101696,441.6719978,456.3203426,427.5402561,441.6719978
480.5612792,448.2303617,458.2957838,465.260679,435.6507983,442.1027233,456.6905183,427.9696095,442.1027233
480.9639973,448.7066079,458.7505524,465.6336427,436.088952,442.5307971,457.0565657,428.3965792,442.5307971
481.3623155,449.1801845,459.2024071,466.002561,436.5246367,442.9562314,457.4185086,428.8211565,442.9562314
481.7563991,449.651098,459.6513631,466.3674004,436.9578603,443.3790332,457.7764807,429.2433576,443.3790332
482.1462763,450.1193521,460.0974371,466.7282946,437.388629,443.7992132,458.1305269,429.6631797,443.7992132
482.5319999,450.5849557,460.5406459,467.0852452,437.81695,444.2167786,458.4806483,430.0806383,444.2167786
482.913605,451.0479383,460.9810069,467.4383682,438.2428333,444.6317397,458.8269417,430.4957228,444.6317397
483.2911505,451.5082976,461.4185382,467.7876409,438.6662878,445.0441073,459.1694464,430.9084415,445.0441073
483.6647745,451.966051,461.8532549,468.1332218,439.0873246,445.4538914,459.5082756,431.3187999,445.4538914
484.0345131,452.4211993,462.2851762,468.4750801,439.5059508,445.8611041,459.8434227,431.7268049,445.8611041
484.4003248,452.8737475,462.7143176,468.8133394,439.9221773,446.2657562,460.1749856,432.1324654,446.2657562
484.7623139,453.3237297,463.1406964,469.1479992,440.3360131,446.6678603,460.5030116,432.5357901,446.6678603
485.1206377,453.7711416,463.5643319,469.4791639,440.7474738,447.0674279,460.8275091,432.9367887,447.0674279
485.4752583,454.2160007,463.9852431,469.8068114,441.1565553,447.4644712,461.1486055,433.3354725,447.4644712
485.8262308,454.658302,464.4034444,470.1310894,441.5632887,447.859003,461.4663384,433.7318502,447.859003
486.1736103,455.0980878,464.8189533,470.4519635,441.9676813,448.2510367,461.7806964,434.1259348,448.2510367
486.5174805,455.535352,465.2317909,470.7695496,442.3697442,448.6405849,462.0917661,434.5177358,448.6405849
486.8578827,455.970111,465.6419731,471.0838444,442.7694903,449.0276616,462.3995761,434.9072652,449.0276616
487.1948637,456.4023749,466.0495162,471.3949441,443.1669388,449.4122789,462.7042068,435.2945309,449.4122789
487.528394,456.8321586,466.4544386,471.7028245,443.5620873,449.7944514,463.0056971,435.6795527,449.7944514
487.8586588,457.2594739,466.8567585,472.0076223,443.9549492,450.1741918,463.3040893,436.0623377,450.1741918
488.409799,457.6850864,467.2600127,472.757253,444.3466361,450.5542739,464.0533778,436.4439828,450.5542739
489.057834,458.1095076,467.6701058,473.6967435,444.7387585,450.9394234,464.9916316,436.8261211,450.9394234
489.568559,458.5347901,468.0927899,474.3730995,445.135596,451.337114,465.663809,437.2130321,451.337114
490.0457688,458.9619586,468.5244293,474.9853272,445.5386107,451.7453362,466.2713692,437.6061671,451.7453362
490.5112825,459.3921319,468.9652534,475.5771673,445.950122,452.1662347,466.8583147,438.0078688,452.1662347
490.9715594,459.8260321,469.414212,476.1618155,446.3716087,452.6003506,467.4377602,438.4195744,452.6003506
491.4296551,460.2640241,469.8699047,476.7451253,446.8037906,453.0473938,468.0158451,438.8420288,453.0473938
491.887087,460.7061753,470.3309101,477.3299511,447.2468249,453.5065835,468.5952909,439.2753668,453.5065835
492.3443876,461.1523448,470.7958989,477.9176565,447.7003765,453.9768679,469.1774649,439.7192905,453.9768679
492.8016457,461.6022416,471.2637121,478.508194,448.1638577,454.4570723,469.7624318,440.1732014,454.4570723
493.2585707,462.0554869,471.7333614,479.1011566,448.6364881,454.9459986,470.3497057,440.6363299,454.9459986
493.7149441,462.5116548,472.2040218,479.6959465,449.1174079,455.4424742,470.9387624,441.107804,455.4424742
494.1704464,462.9703026,472.675008,480.291712,449.6057224,455.9453927,471.5287941,441.5867296,455.9453927
494.6244393,463.4309922,473.1457578,480.8877449,450.1005522,456.4537311,472.1190216,442.0722133,456.4537311
495.0766972,463.8933007,473.6158107,481.4830577,450.6010254,456.9665541,472.7085292,442.5633954,456.9665541
495.5269408,464.3568294,474.0847961,482.0770115,451.1063418,457.4830191,473.2966235,443.0594625,457.4830191
495.9745792,464.8212064,474.5524057,482.6689871,451.615747,458.0023741,473.8826136,443.5596638,458.0023741
496.4195887,465.286091,475.0183957,483.2581223,452.1285448,458.5239441,474.4659675,444.0633012,458.5239441
496.8615779,465.7511741,475.4825645,483.8440531,452.6441012,459.0471338,475.0460521,444.5697425,459.0471338
497.3002725,466.2161676,475.9447553,484.4263826,453.1618397,459.5714133,475.6224391,445.0784087,459.5714133
497.7356641,466.6808229,476.4048361,485.0044369,453.6812396,460.0963147,476.1946583,445.588778,460.0963147
498.1674111,467.1449095,476.8627054,485.5780298,454.2018288,460.6214246,476.7624294,446.1003823,460.6214246
498.5954925,467.6082218,477.3182833,486.1469717,454.7231879,461.1463812,477.3254854,446.6127936,461.1463812
499.0198111,468.0705773,477.771499,486.7107586,455.2449302,461.6708561,477.8835487,447.1256312,461.6708561
499.4402146,468.5318106,478.2223013,487.2693558,455.7667138,462.1945669,478.4363987,447.6385521,462.1945669
499.8566858,468.9917762,478.670651,487.8227086,456.2882382,462.717263,478.983891,448.1512548,462.717263
500.2691389,469.4503457,479.1165133,488.3703883,456.8092303,463.2387216,479.5258894,448.6634672,463.2387216
500.6776363,469.9074029,479.5598683,488.9126057,457.329448,463.7587499,480.0624028,449.1749433,463.7587499
501.0820252,470.362843,480.0006952,489.4491571,457.8486744,464.2771777,480.5932532,449.6854678,464.2771777
501.4823887,470.8165783,480.4389816,489.9799179,458.3667147,464.7938528,481.1184417,450.1948438,464.7938528
501.8787715,471.2685274,480.8747176,490.5050841,458.883397,465.308644,481.6378806,450.7029007,465.308644
502.2709887,471.718619,481.3078958,491.0244326,459.3985654,465.8214321,482.1516355,451.2094832,465.8214321
502.6593057,472.1667839,481.7385149,491.5380499,459.9120879,466.3321167,482.6597254,451.7144578,466.3321167
503.0435965,472.6129827,482.1665743,492.0460003,460.4238419,466.8406078,483.1621154,452.2177014,466.8406078
503.4238612,473.0571665,482.592079,492.5482336,460.9337212,467.3468262,483.6588166,452.7191058,467.3468262
503.8002986,473.4992938,483.0150291,493.0448178,461.4416312,467.8507021,484.1498793,453.2185782,467.8507021
504.1727346,473.9393281,483.4354272,493.5357529,461.9474879,468.3521598,484.6353366,453.7160346,468.3521598
504.5413355,474.3772493,483.8532821,494.0212141,462.4512181,468.8511641,485.1153285,454.211402,468.8511641
504.9061245,474.8130164,484.2685988,494.5010681,462.9527573,469.3476819,485.5897922,454.7046149,469.3476819
505.2671164,475.2466069,484.6813892,494.9754759,463.45205,469.8416682,486.0588327,455.1956168,469.8416682
505.6243868,475.6780041,485.0916587,495.444581,463.9490444,470.3330862,486.522459,455.6843584,470.3330862
505.9779113,476.1071928,485.4994167,495.9082001,464.4436986,470.8219072,486.9807939,456.1707968,470.8219072
506.3278496,476.5341605,485.9046724,496.3666748,464.9359757,471.3081037,487.4339359,456.654897,471.3081037
506.6741213,476.9589,486.3074363,496.8199296,465.425846,471.791659,487.8819161,457.1366218,471.791659
507.0168443,477.3814015,486.707719,497.2679757,465.9132779,472.2725546,488.3247288,457.6159486,472.2725546
507.3561175,477.8016609,487.1055333,497.7110615,466.3982534,472.7507769,488.7624354,458.0928529,472.7507769
507.6918011,478.2196639,487.5008892,498.1490712,466.8807525,473.2263151,489.1952744,458.567317,473.2263151
508.0241664,478.6354248,487.8937991,498.5821834,467.3607596,473.6991578,489.6232564,459.0393248,473.6991578
508.3531159,479.0489417,488.2842736,499.0104785,467.8382632,474.1693018,490.0463744,459.5088642,474.1693018
508.6787092,479.4602153,488.6723254,499.433953,468.313252,474.6367409,490.4647357,459.975925,474.6367409
509.0011044,479.8692475,489.0579665,499.8527224,468.7857198,475.1014728,490.8783143,460.4404994,475.1014728
509.3201732,480.2760414,489.441211,500.2668149,469.2556627,475.563496,491.2873903,460.9025826,475.563496
509.636067,480.6806012,489.8220716,500.6763969,469.7230767,476.0228117,491.6919342,461.3621705,476.0228117
509.9488464,481.0829313,490.1557925,501.0813988,470.187958,476.479421,492.0919281,461.8192625,476.479421
510.2584872,481.4830374,490.2170834,501.4819807,470.6503096,476.933327,492.4874317,462.273858,476.933327
510.5650816,481.8809261,490.2987153,501.878249,471.1101319,477.3845349,492.8786541,462.72595,477.3845349
510.8686272,482.2766041,490.400004,502.2700772,471.5674256,477.833049,493.2656509,463.1755635,477.833049
511.1692474,482.6700787,490.5200912,502.6577791,472.0221873,478.2788756,493.6484086,463.6226883,478.2788756
511.4668801,483.0613589,490.656766,503.0412684,472.4744382,478.7220198,494.0269704,464.0673274,478.7220198
511.7616313,483.4504523,490.8073388,503.4205839,472.924182,479.1624899,494.4013906,464.5094886,479.1624899
512.0535761,483.8373683,490.9690599,503.7959536,473.3714252,479.6002944,494.7718596,464.9491803,479.6002944
512.3426092,484.2221143,491.1404508,504.1672297,473.8161742,480.0354423,495.1383924,465.3864065,480.0354423
512.6289509,484.6047019,491.3196183,504.5346013,474.2584474,480.4679428,495.50093,465.8211752,480.4679428
512.9125199,484.9851522,491.5056945,504.8981113,474.6982378,480.8978054,495.8595845,466.2534971,480.8978054
513.1933683,485.3634564,491.6978781,505.2577909,475.1355539,481.32504,496.2144589,466.6833818,481.32504
513.4716191,485.739627,491.8953068,505.6137295,475.5704065,481.7496576,496.5656931,467.1108379,481.7496576
513.9691712,486.1143745,492.0994249,506.1865172,476.0035525,482.1731679,497.135348,467.536614,482.1731679
514.5659953,486.4882995,492.3096022,506.8563143,476.4355141,482.5977183,497.8012349,467.961239,482.5977183
515.027302,486.8634959,492.526178,507.3906256,476.8683475,483.0268776,498.3310933,468.3867741,483.0268776
515.4559925,487.2409288,492.7494436,507.8914531,477.3030942,483.4600834,498.8273804,468.814229,483.4600834
515.873609,487.6217228,492.9794981,508.380402,477.7408566,483.8983262,499.3115926,469.2447173,483.8983262
516.2865933,488.006611,493.6732787,508.8639464,478.1823601,484.3418599,499.7903623,469.6789676,484.3418599
516.6979398,488.3959605,495.2885889,509.3449272,478.6279672,484.790539,500.2666112,470.1173401,484.790539
517.1092493,488.789841,496.0600925,509.8250446,479.0777526,485.2439733,500.7420176,470.5599044,485.2439733
517.5209091,489.1881017,496.6155707,510.3046692,479.5315644,485.70164,501.2169366,471.0065079,485.70164
517.9331197,489.5904462,497.0834739,510.7839865,479.9891106,486.1629554,501.6914488,471.4568672,486.1629554
518.3456916,489.9964878,497.5072976,511.2628217,480.4500076,486.6273244,502.1654316,471.9105955,486.6273244
518.7581951,490.1786389,497.906455,511.7407038,480.9138256,487.0941609,502.6386756,472.3672673,487.0941609
519.1703132,490.2535146,498.3248065,512.2174206,481.3801192,487.5629157,503.110589,472.8264363,487.5629157
519.5814101,490.3258692,498.7818404,512.6924306,481.8484462,488.0330809,503.5807555,473.287661,488.0330809
519.9915011,490.4107071,499.2655265,513.165356,482.3183793,488.5041965,504.0490839,473.7505182,488.5041965
520.3999428,490.5062309,499.7509782,513.6359569,482.7895235,488.9758404,504.5149375,474.2146086,488.9758404
520.8064035,490.6108288,500.2258138,514.1037519,483.2615011,489.4476427,504.9780171,474.6795585,489.4476427
521.2105678,490.7234789,500.6861899,514.5686061,483.7339715,489.9192702,505.4380426,475.1450256,489.9192702
521.6122736,490.8432599,501.1321568,515.0300327,484.2066213,490.173422,505.8948643,475.6106983,490.173422
522.0110646,490.9694958,501.5650405,515.4880358,484.6791667,490.245641,506.3482935,476.0762936,490.245641
522.4069641,491.1016103,501.9862626,515.9424062,485.1513515,490.3211502,506.7979628,476.541555,490.3211502
522.7996221,491.2391225,502.3971412,516.3928496,485.6229451,490.4144637,507.2437568,477.0062514,490.4144637
523.1888195,491.3816223,502.8002737,516.8394149,486.0937404,490.5237769,507.685723,477.4701796,490.5237769
523.5746779,491.5287543,503.2024685,517.2818424,486.5635552,490.6477939,508.1236113,477.9331547,490.6477939
523.9569262,491.6802052,503.6061335,517.7201071,487.0322248,490.7850162,508.55728,478.395012,490.7850162
524.3355147,491.835696,504.0102943,518.1541924,487.4996025,490.9345244,508.9868906,478.8556042,490.9345244
524.7105129,491.9949744,504.4132637,518.5840182,487.9655562,491.0945633,509.4123301,479.3148005,491.0945633
525.081727,492.157811,504.8134611,519.0095968,488.42997,491.2642146,509.8333522,479.772485,491.2642146
525.4491453,492.3239946,505.2100142,519.430811,488.8927407,491.4422301,510.250167,480.2285549,491.4422301
525.8128384,492.49333,505.6027341,519.8477556,489.3537773,491.6278751,510.6627524,480.6829193,491.6278751
526.1727526,492.6656352,505.9912886,520.2604695,489.813001,491.820177,511.0711142,481.1354982,491.820177
526.5288071,492.8407402,506.3758892,520.6688222,490.1635824,492.0201816,511.4751207,481.5862209,492.0201816
526.8811092,493.0184853,506.7567709,521.0729973,490.2268135,492.2261807,511.8750096,482.0350253,492.2261807
527.229642,493.6019779,507.1344068,521.4728429,490.3018275,492.4376464,512.2706335,482.4818567,492.4376464
527.5743359,495.0998617,507.5089929,521.8687822,490.390796,492.6544561,512.6621328,482.9266681,492.6544561
527.915384,496.0094211,507.8810172,522.2603212,490.4909405,492.8761212,513.0493812,483.3694173,492.8761212
528.2527239,496.7455523,508.2509415,522.6476766,490.600843,493.1026762,513.432664,483.8100693,493.1026762
528.5863357,497.3997277,508.6186476,523.030869,490.7191408,495.1982422,513.811923,484.2485943,495.1982422
528.916304,498.0052678,508.9842696,523.4101029,490.844738,496.7034183,514.1871049,484.6849556,496.7034183
529.2428044,498.5777706,509.3476359,523.7852197,490.9768391,497.6029161,514.5582165,485.1191459,497.6029161
529.565707,499.1252299,509.7090729,524.1563965,491.1147825,498.2768696,514.9255097,485.5511438,498.2768696
529.8852506,499.652882,510.0686039,524.5235372,491.2580285,498.8365115,515.2889786,485.9809339,498.8365115
530.2012657,500.1635962,510.4263959,524.8867234,491.4061264,499.3289377,515.648564,486.4085109,499.3289377
530.5139294,500.6599692,510.782237,525.2460554,491.558693,499.7779831,516.0043565,486.833844,499.7779831
530.8233012,501.1437318,511.1359835,525.6015025,491.7153973,500.1971813,516.3564781,487.2569494,500.1971813
531.1293468,501.616349,511.4879089,525.9531436,491.8759492,500.6138413,516.7049036,487.6778074,500.6138413
531.4322028,502.0789668,511.8381997,526.3010798,492.0400911,501.0383334,517.0496519,488.096414,501.0383334
531.7318612,502.5325154,512.1866599,526.645257,492.2075914,501.4783749,517.3908747,488.5127687,501.4783749
532.0284038,502.9777845,512.5333193,526.9858261,492.3782401,501.9395445,517.728616,488.9268719,501.9395445
532.3218122,503.4154451,512.8781988,527.3227255,492.5518446,502.4108715,518.0627923,489.3387226,502.4108715
532.6121635,503.846079,513.2213129,527.6560011,492.7282275,502.8816534,518.3934653,489.7483242,502.8816534
532.8995741,504.2701943,513.5626766,527.9858037,492.9072239,503.345777,518.7208289,490.1471286,503.345777
533.1837714,504.6874941,513.9023067,528.3120178,493.0887257,503.800418,519.0449312,490.19581,503.800418
533.4652818,505.1000778,514.2402161,528.6348216,494.2882993,504.2445362,519.3657646,490.2649021,504.2445362
533.7439441,505.5067167,514.5764156,528.9541561,495.5129304,504.6779902,519.6832713,490.3408375,504.6779902
534.0197938,505.9090607,514.9109166,529.2702033,496.3533481,505.1012511,519.9975025,490.4275928,505.1012511
534.2928591,506.306519,515.2437292,529.5828803,497.0614225,505.5149885,520.3086146,490.5232626,505.5149885
534.5631341,506.6990838,515.5748601,529.8922192,497.7012824,505.9198946,520.6165547,490.6264825,505.9198946
534.8307664,507.0876371,515.9043167,530.1984079,498.298574,506.3167387,520.9214688,490.73634,506.3167387
535.0956914,507.4722454,516.2321042,530.5013954,498.8649263,506.7060412,521.2232894,490.8520329,506.7060412
535.3579983,507.8530507,516.5582255,530.8012932,499.4078866,507.0882738,521.521991,490.9729688,507.0882738
535.6177111,508.2302088,516.8826831,531.0981392,499.9316616,507.4657553,521.8177976,491.0986438,507.4657553
535.8749085,508.6041876,517.205479,531.3920082,500.4394328,507.8407711,522.1106641,491.2286425,507.8407711
536.1295735,508.9746124,517.526616,531.6828238,500.9330278,508.2155412,522.400468,491.3626139,508.2155412
536.3817269,509.3417219,517.8460966,531.9708149,501.4143228,508.5900227,522.6875009,491.500257,508.5900227
536.6314634,509.7056795,518.1639214,532.2559402,501.884566,508.9641996,522.9716348,491.6413092,508.9641996
536.720908,510.0662569,518.4771639,532.3814358,502.3443899,509.3365033,523.1011722,491.785487,509.3365033
536.3562521,510.4218827,518.7790072,532.0567759,502.7931946,509.7040296,522.8031147,491.9324093,509.7040296
535.9515411,510.7703337,519.0607178,531.6891293,503.2292731,510.061793,522.488668,492.0815565,510.061793
535.5554852,511.1088565,519.3145866,531.3298635,503.6503504,510.4046947,522.1766441,492.2322794,510.4046947
535.1003203,511.4344556,519.5351682,530.9129852,504.0537502,510.7279782,521.7974659,492.3838338,510.7279782
534.5629803,511.7442806,519.7190174,530.4118447,504.437015,511.0274117,521.3355534,492.5354274,511.0274117
533.9372426,512.0358864,519.8642408,529.8229983,504.7980074,511.2996836,520.7873454,492.6862598,511.2996836
533.2230379,512.3072235,519.9699677,529.1455533,505.134961,511.5421977,520.1546946,492.8355498,511.5421977
532.4223033,512.5566452,520.0359246,528.3811598,505.4465273,511.7530288,519.4387715,492.9825533,511.7530288
531.5356574,512.7828514,520.0621512,527.5326222,505.7316766,511.9307612,518.6432494,493.1285698,511.9307612
530.5684907,512.9848027,520.0488149,526.6041575,505.9896342,512.0743523,517.7719715,494.237845,512.0743523
529.5224515,513.16169,519.9961156,525.5920289,506.2198375,512.1830737,516.8228571,495.0213493,512.1830737
528.3983605,513.3128601,519.9042124,524.5036834,506.421854,512.2564003,515.8019964,495.5379562,512.2564003
527.1988559,513.4377934,519.7732188,523.3393283,506.5953663,512.2939505,514.7041944,495.9380904,512.2939505
525.9234401,513.5360475,519.6031931,522.099084,506.740136,512.2954194,513.534426,496.2640204,512.2954194
524.5731013,513.6072704,519.3940904,520.7836669,506.855981,512.2605527,512.2932751,496.5327368,512.2605527
523.1473124,513.6511556,519.145818,519.3930726,506.9427532,512.1890781,510.9802102,496.7526486,512.1890781
521.6443323,513.6674473,518.8582164,517.924491,507.0003409,512.0806954,509.5939252,496.9286009,512.0806954
520.0628447,513.6559247,518.5310421,516.3772958,507.0286497,511.9351129,508.1328017,497.0637068,511.9351129
518.4006183,513.6163896,518.1639865,514.749774,507.0275982,511.7519422,506.5963991,497.1600907,511.7519422
516.6577999,513.548673,517.7566895,513.0405747,506.9971412,511.5307754,504.9843327,497.2193212,511.5307754
514.8330603,513.4526121,517.3087454,511.2498697,506.9372209,511.2712271,503.2974046,497.2425868,511.2712271
512.9255101,513.3281028,516.819588,509.376474,506.8477877,510.9727805,501.5326428,497.2308462,510.9727805
510.935998,513.1750171,516.2886277,507.4208754,506.7288216,510.6349157,499.69237,497.1848733,510.6349157
508.8643932,512.9932403,515.7152025,505.3828171,506.5802657,510.2570638,497.7739066,497.1053163,510.2570638
506.7080597,512.7826727,515.0985239,503.2601318,506.4021171,509.8386088,495.7784494,496.9927525,509.8386088
504.8790857,512.5383436,514.4412889,501.4619607,506.1894021,509.3798124,494.0809481,496.8423656,509.3798124
503.162077,512.2689055,513.7492661,499.7747654,505.9508737,508.8856177,492.487828,496.6639267,508.8856177
501.5161584,511.9736965,513.0393613,498.1578112,505.6859223,508.3555258,490.9609936,496.4568495,508.3555258
499.9227368,511.6537825,512.3045207,496.5928788,505.3956022,507.8039969,489.4832806,496.2228532,507.8039969
498.3708043,511.3106285,511.55641,495.0689557,505.0817356,507.2232066,488.0442309,495.9635246,507.2232066
496.8530257,510.9462173,510.7975041,493.5787196,504.7459778,506.6231672,486.6373303,495.6809087,506.6231672
495.3648107,510.5621639,510.0304052,492.1176227,504.3901806,506.0057091,485.2577237,495.3769551,506.0057091
493.9029039,510.1604401,509.2573304,490.6822328,504.0188148,505.3731066,483.9021977,495.0538232,505.3731066
492.4652902,509.7426983,508.480121,489.2711669,503.6271329,504.7275255,482.5691395,494.7133023,504.7275255
491.0505703,509.3105364,507.7002392,487.8824955,503.2215526,504.0708925,481.2570087,494.3571557,504.0708925
489.6577224,508.8655503,506.9189025,486.5155576,502.8029351,503.4049518,479.9649846,493.9870799,503.4049518
488.2859871,508.4090813,506.1371178,485.1694135,502.3725377,502.7311373,478.692451,493.6077267,502.7311373
486.9349537,507.9424098,505.3557061,483.843604,501.9317361,502.0507864,477.4389482,493.2195384,502.0507864
485.6041797,507.4666991,504.5753555,482.5376532,501.4816285,501.365031,476.2040042,493.1137703,501.365031
484.293281,506.9829912,503.7966241,481.2513421,501.0232912,500.6749285,474.98758,493.0333389,500.6749285
483.0019224,506.4922718,503.0199826,479.9842746,500.5577027,499.9813175,473.7890068,492.9602173,499.9813175
481.729863,505.9953788,502.2458269,478.7363107,500.0857386,499.2849819,472.6082695,492.8744893,499.2849819
480.4766185,505.4931033,501.4744806,477.5068574,499.6081958,498.5866099,471.4451621,492.7780548,498.5866099
479.2420398,504.9861211,500.7062147,476.2958017,499.12578,497.8868009,470.2993521,492.6721517,497.8868009
478.0258435,504.4751812,499.941264,475.1027125,498.6391551,497.1861076,469.1707191,492.5577054,497.1861076
476.8277405,503.9607584,499.1798411,473.9274655,498.1489037,496.4849732,468.0588849,492.4354554,496.4849732
475.6473952,503.443403,498.422123,472.7697453,497.6555493,495.7838333,466.9638273,492.3060071,495.7838333
474.4846568,502.9235414,497.6682417,471.629299,497.1595638,495.0830736,465.8850293,492.1698745,495.0830736
473.3390814,502.4016221,496.9183221,470.5057906,496.6613846,494.3830349,464.8199512,492.0276644,494.3830349
472.2104557,501.8780156,496.1724733,469.3990717,496.1613618,493.6840057,463.7732916,491.8787541,493.6840057
471.0985641,501.3530743,495.4307927,468.3086553,495.6598753,493.1340336,462.7423862,491.7242569,493.1340336
470.0031013,500.827112,494.6933588,467.2344064,495.1572274,493.051338,461.7268184,491.5644893,493.051338
468.9237444,500.3004109,493.9602485,466.1761168,494.6537422,492.9480364,460.7264432,491.3997404,492.9480364
467.8603506,499.7732004,493.2324105,465.1334666,494.1497035,492.8200108,459.7411771,491.2302751,492.8200108
466.8125325,499.2457302,493.0597298,464.1063999,493.6482476,492.6708308,458.7706382,491.0563385,492.6708308
465.7800503,498.7182056,492.8810469,463.0943874,493.1599693,492.5027392,457.8145113,490.8781574,492.5027392
464.7627054,498.1908027,492.7002722,462.0973748,493.0951267,492.317557,456.8725979,490.695943,492.317557
463.7602234,497.6637001,492.4840116,461.1149561,493.0070695,492.1168153,455.9444327,490.5098927,492.1168153
462.7724972,497.137051,492.2396965,460.1470149,492.9145175,491.9017655,455.0300582,490.3196588,491.9017655
461.7990065,496.6109948,491.9716027,459.1932869,492.8088107,491.6734905,454.1292528,489.9109434,491.6734905
460.8396885,496.0856443,491.6826406,458.2535757,492.6920834,491.4329366,453.2414454,488.142214,491.4329366
459.8941524,495.5611318,491.375209,457.3277149,492.565803,491.1809431,452.3668169,487.085934,491.1809431
458.9623163,495.0375694,491.051301,456.4152792,492.4310727,490.9182637,451.5047597,486.2363988,490.9182637
458.0439094,494.5150376,490.7126684,455.5142159,492.288956,490.6455793,450.6553182,485.4844745,490.6455793
457.1386947,493.9936075,490.3616362,454.6281265,492.1391798,490.3641495,449.8186177,484.7904765,490.3641495
456.246573,493.476646,489.154973,453.7550421,491.9829762,489.2728735,448.994649,484.1373968,489.2728735
455.3670514,493.1292975,486.9421335,452.8945887,491.8208521,486.3819535,448.1815035,483.5094928,486.3819535
454.5001056,493.0536698,485.7103487,452.0465406,491.6532309,484.9102588,447.3799158,482.9026063,484.9102588
453.6453732,492.9689628,484.7701405,451.2103293,491.4805233,483.8694796,446.5897009,482.3131195,483.8694796
452.8027559,492.8688383,484.0133519,450.3863053,491.3030271,482.9941548,445.8106828,481.7383475,482.9941548
451.9720313,492.7562664,483.2897417,449.5740013,491.1210472,482.178296,445.0427749,481.1762908,482.178296
451.1514019,492.6334228,482.5430022,448.7732506,490.9348493,481.3822401,444.2855122,480.6254077,481.3822401
450.3439626,492.5009046,481.7908221,447.9837081,490.7446758,480.6028614,443.5387767,480.0844635,480.6028614
449.5490044,492.359849,481.0548296,447.2053762,490.5507473,479.8433651,442.8025597,479.5524602,479.8433651
448.7625635,492.2122037,480.3429005,446.437909,490.3530625,479.1050128,442.076489,479.0285772,479.1050128
447.988325,492.0570657,479.6560579,445.6813705,490.1302095,478.387351,441.3604838,478.512102,478.387351
447.2247229,491.8957216,478.9919827,444.9351754,488.2237443,477.6890437,440.6543291,478.0024358,477.6890437
446.4716492,491.7286593,478.3478731,444.1993987,487.0896469,477.0085528,439.9579134,477.4990542,477.0085528
445.7289943,491.5562936,477.7208483,443.4741743,486.1978799,476.3436118,439.2710378,477.0015066,476.3436118
444.9961186,491.3790139,477.1052309,442.7594331,485.4213152,475.6895546,438.5936728,476.5093698,475.6895546
444.27366,491.1971137,476.4928254,442.0523749,484.6939367,475.0432239,437.9253946,476.022308,475.0432239
443.5609053,491.0108842,475.8817496,441.3562361,484.0134935,474.4031404,437.2660732,475.539976,474.4031404
442.857873,490.8205835,475.2732629,440.669357,483.3647132,473.7687612,436.6157376,475.0620908,473.7687612
442.1641157,490.6264472,474.6692643,439.9917992,482.7401512,473.140103,435.9740443,474.5883988,473.140103
441.4798701,490.4286866,474.0710964,439.3233604,482.1351596,472.5174181,435.3409099,474.118664,472.5174181
440.804859,490.2268545,473.4794309,438.6638759,481.5465672,471.9005894,434.7162076,473.6526802,471.9005894
440.1389142,488.9373222,472.8944661,438.0131796,480.9720861,471.2892997,434.0998175,473.1902564,471.2892997
439.4816936,487.4952073,472.316164,437.3710064,480.4099988,470.6843168,433.4916006,472.7312223,470.6843168
438.8333332,486.5104304,471.7442489,436.7374869,479.8589267,470.0854024,432.891444,472.2754345,470.0854024
438.1935115,485.6823091,471.1785515,436.1122974,479.3177971,469.4924725,432.2992673,471.8227463,469.4924725
437.5630005,484.9424351,470.6187344,435.4951484,478.7857011,468.9054344,431.7147119,471.3730389,468.9054344
436.9399168,484.2468046,470.0644606,434.886068,478.2618821,468.3241489,431.1377104,470.926198,468.3241489
436.3248706,483.5852755,469.5152508,434.2851221,477.7457355,467.7483899,430.5683033,470.4821229,467.7483899
435.7177759,482.9501525,468.9705784,433.6923033,477.2368776,467.1779641,430.0060817,470.0407256,467.1779641
435.1175708,482.3333638,468.4300978,433.1066137,476.7349653,466.6126531,429.4510898,469.6019181,466.6126531
434.5260464,481.7363396,467.8933856,432.5282473,476.2387936,466.0522501,428.9032187,469.1656291,466.0522501
433.9421093,481.1548949,467.3603969,431.9573396,475.7481658,465.4965717,428.3623373,468.7317853,465.4965717
433.3655415,480.5867977,466.8310139,431.3936889,475.2628069,464.9454646,427.8283765,468.3003287,464.9454646
432.7962397,480.0304443,466.3051628,430.8370242,474.7824227,464.3987931,427.3011935,467.8712012,464.3987931
432.2342032,479.4845916,465.782826,430.2873887,474.3067217,463.8564427,426.7807261,467.4443524,463.8564427
431.6792136,478.9482347,465.2640302,429.7446706,473.8354421,463.3183126,426.2668242,467.0197337,463.3183126
431.1312518,478.4205407,464.7487701,429.2087546,473.3683498,462.7843051,425.7592378,466.5973191,462.7843051
430.590168,477.9008029,464.2370209,428.6795789,472.9052229,462.2543261,425.258079,466.1770381,462.2543261
430.0558242,477.3884117,463.7288047,428.1570051,472.4458665,461.7283177,424.7629741,465.7588785,461.7283177
429.5281017,476.8828349,463.2240309,427.6408238,471.9901066,461.2062036,424.2740644,465.3428019,461.2062036
429.0069059,476.383604,462.7226926,427.1310924,471.5377522,460.6879072,423.7910546,464.9287809,460.6879072
428.4921254,475.8903018,462.2247126,426.6276543,471.0886794,460.1734313,423.3139759,464.516795,460.1734313
427.9836509,475.4025558,461.7300424,426.1302432,470.6427526,459.6628082,422.8427337,464.1068009,459.6628082
427.4813207,474.9200321,461.2386145,425.6389038,470.1998424,459.1556627,422.3772591,463.698794,459.1556627
426.985061,474.4424299,460.7503655,425.153556,469.759842,458.6520465,421.9174932,463.2927318,458.6520465
426.4948703,473.9694768,460.2653026,424.6740872,469.3226514,458.1519705,421.4633351,462.8886225,458.1519705
426.0106195,473.5009282,459.7832964,424.2004515,468.8881661,457.6553926,421.0147057,462.486432,457.6553926
425.5319624,473.0365632,459.3042673,423.7325487,468.4563158,457.1622409,420.5715528,462.0861328,457.1622409
425.0596345,472.576761,458.8282562,423.2703077,468.0270318,456.6725061,420.1337131,461.6877284,456.6725061
424.5924204,472.1204376,458.3552361,422.8136168,467.6002234,456.186155,419.7011639,461.291201,456.186155
424.1307101,471.6676434,457.885197,422.3622505,467.1758547,455.7031414,419.2737906,460.8965357,455.7031414
423.6744806,471.2182745,457.4180941,421.916309,466.7538278,455.2234641,418.8515095,460.5037203,455.2234641
423.2236067,470.7722044,456.953898,421.4754874,466.3341259,454.7470724,418.4342432,460.1127408,454.7470724
422.7778811,470.3293269,456.4925912,421.0399061,465.9166842,454.2739168,418.0219224,459.723596,454.2739168
422.3373861,469.8894831,456.0341598,420.6093062,465.5014568,453.8039786,417.6144311,459.3362585,453.8039786
421.9020252,469.4525901,455.578584,420.1837351,465.0884129,453.3372319,417.2117378,458.9507127,453.3372319
421.4715482,469.0185489,455.1258368,419.7631057,464.6775141,452.8736554,416.8137466,458.5669669,452.8736554
421.0460129,468.5872586,454.6758678,419.3473905,464.2687216,452.4132193,416.4203747,458.184984,452.4132193
420.6253582,468.1586375,454.2286675,418.9365184,463.8620059,451.955875,416.0315736,457.8047747,451.955875
420.2095168,467.7326041,453.7842201,418.5304277,463.4573392,451.5016125,415.6472577,457.4263269,451.5016125